ARREST_DATE,Felony,Infraction,Misdemeanor,Unspecified,Violation
2006-01-01,164.0,6.0,348.0,,32.0
2006-01-08,2067.0,34.0,4457.0,,331.0
2006-01-15,2073.0,42.0,4817.0,,348.0
2006-01-22,1981.0,33.0,4655.0,,371.0
2006-01-29,2017.0,58.0,4982.0,,426.0
2006-02-05,2025.0,46.0,4858.0,,453.0
2006-02-12,1909.0,34.0,4862.0,,349.0
2006-02-19,1869.0,46.0,4852.0,,405.0
2006-02-26,1890.0,31.0,4839.0,,364.0
2006-03-05,1930.0,48.0,4922.0,,344.0
2006-03-12,2110.0,31.0,5277.0,,431.0
2006-03-19,1922.0,37.0,5122.0,,387.0
2006-03-26,2078.0,43.0,5140.0,,399.0
2006-04-02,1947.0,42.0,4822.0,,396.0
2006-04-09,2200.0,35.0,5053.0,,396.0
2006-04-16,1917.0,43.0,4822.0,,363.0
2006-04-23,1941.0,27.0,4622.0,,274.0
2006-04-30,2038.0,40.0,4676.0,,431.0
2006-05-07,2047.0,38.0,5072.0,,404.0
2006-05-14,2172.0,38.0,4928.0,,409.0
2006-05-21,1935.0,43.0,4675.0,,420.0
2006-05-28,1971.0,51.0,4857.0,,418.0
2006-06-04,1815.0,35.0,4211.0,,378.0
2006-06-11,1988.0,41.0,4901.0,,400.0
2006-06-18,2128.0,45.0,4721.0,,361.0
2006-06-25,2082.0,32.0,4604.0,,398.0
2006-07-02,1826.0,34.0,4244.0,,436.0
2006-07-09,1796.0,32.0,4507.0,,419.0
2006-07-16,2076.0,27.0,4733.0,,461.0
2006-07-23,2073.0,19.0,4488.0,,393.0
2006-07-30,1980.0,26.0,4640.0,,423.0
2006-08-06,1976.0,30.0,4469.0,,396.0
2006-08-13,2087.0,42.0,4985.0,,446.0
2006-08-20,1978.0,38.0,4944.0,,464.0
2006-08-27,1638.0,37.0,3717.0,,352.0
2006-09-03,557.0,11.0,1230.0,,110.0
2006-09-10,567.0,11.0,1359.0,,123.0
2006-09-17,445.0,5.0,1130.0,,108.0
2006-09-24,7.0,,7.0,,
2006-10-01,1.0,,3.0,,1.0
2006-10-08,11.0,,4.0,,1.0
2006-10-15,8.0,,4.0,,
2006-10-22,4.0,1.0,10.0,,1.0
2006-10-29,4.0,,2.0,,
2006-11-05,6.0,,6.0,,
2006-11-12,6.0,,6.0,,
2006-11-19,5.0,,2.0,,1.0
2006-11-26,3.0,,3.0,,
2006-12-03,6.0,,3.0,,
2006-12-10,8.0,,6.0,,
2006-12-17,7.0,,2.0,,
2006-12-24,3.0,,2.0,,
2006-12-31,3.0,,3.0,,
2007-01-07,5.0,,4.0,,
2007-01-14,11.0,,8.0,,
2007-01-21,9.0,,6.0,,
2007-01-28,7.0,,6.0,,
2007-02-04,8.0,,4.0,,
2007-02-11,7.0,,2.0,,
2007-02-18,7.0,,5.0,,
2007-02-25,5.0,,7.0,,
2007-03-04,11.0,,9.0,,
2007-03-11,7.0,,3.0,,
2007-03-18,9.0,,6.0,,
2007-03-25,7.0,,7.0,,
2007-04-01,9.0,,2.0,,
2007-04-08,7.0,,2.0,,
2007-04-15,5.0,,4.0,,
2007-04-22,8.0,,3.0,,
2007-04-29,6.0,,4.0,,
2007-05-06,4.0,,6.0,,
2007-05-13,5.0,,1.0,,1.0
2007-05-20,4.0,,10.0,,
2007-05-27,6.0,,2.0,,
2007-06-03,3.0,,,,
2007-06-10,7.0,,2.0,,
2007-06-17,9.0,,11.0,,
2007-06-24,8.0,,1.0,,
2007-07-01,9.0,,2.0,,
2007-07-08,5.0,,5.0,,
2007-07-15,6.0,,7.0,,
2007-07-22,5.0,,6.0,,1.0
2007-07-29,7.0,,5.0,,
2007-08-05,5.0,,2.0,,2.0
2007-08-12,9.0,,1.0,,
2007-08-19,12.0,,3.0,,
2007-08-26,7.0,,1.0,,
2007-09-02,6.0,,1.0,,
2007-09-09,5.0,,3.0,,
2007-09-16,7.0,,5.0,,
2007-09-23,3.0,,4.0,,
2007-09-30,8.0,,5.0,,
2007-10-07,5.0,,4.0,,
2007-10-14,3.0,,1.0,,
2007-10-21,5.0,,5.0,,
2007-10-28,7.0,,2.0,,
2007-11-04,7.0,,4.0,,
2007-11-11,4.0,,6.0,,
2007-11-18,7.0,1.0,5.0,,
2007-11-25,4.0,,4.0,,
2007-12-02,6.0,,4.0,,
2007-12-09,10.0,,4.0,,
2007-12-16,4.0,,4.0,,
2007-12-23,5.0,,6.0,,
2007-12-30,3.0,,2.0,,
2008-01-06,6.0,,3.0,,
2008-01-13,10.0,,7.0,,
2008-01-20,12.0,,7.0,,
2008-01-27,3.0,,8.0,,1.0
2008-02-03,7.0,,3.0,,
2008-02-10,5.0,,5.0,,
2008-02-17,12.0,,7.0,,
2008-02-24,9.0,,4.0,,
2008-03-02,6.0,,6.0,,1.0
2008-03-09,7.0,,1.0,,
2008-03-16,5.0,,4.0,,
2008-03-23,8.0,,8.0,,1.0
2008-03-30,4.0,,9.0,,
2008-04-06,6.0,,4.0,,1.0
2008-04-13,1.0,,7.0,,
2008-04-20,3.0,,2.0,,
2008-04-27,4.0,,7.0,,
2008-05-04,6.0,,4.0,,
2008-05-11,1.0,,3.0,,
2008-05-18,7.0,,5.0,,
2008-05-25,6.0,,4.0,,
2008-06-01,3.0,,7.0,,
2008-06-08,7.0,,7.0,,
2008-06-15,9.0,,2.0,,
2008-06-22,4.0,,4.0,,
2008-06-29,9.0,,4.0,,
2008-07-06,6.0,,3.0,,
2008-07-13,3.0,,7.0,,
2008-07-20,7.0,,3.0,,
2008-07-27,7.0,,2.0,,1.0
2008-08-03,8.0,,4.0,,
2008-08-10,5.0,,7.0,,
2008-08-17,6.0,,3.0,,1.0
2008-08-24,5.0,,4.0,,
2008-08-31,8.0,,8.0,,
2008-09-07,5.0,,2.0,,
2008-09-14,5.0,,4.0,,
2008-09-21,5.0,,6.0,,
2008-09-28,4.0,,4.0,,
2008-10-05,5.0,,3.0,,
2008-10-12,11.0,,7.0,,
2008-10-19,1.0,,6.0,,
2008-10-26,5.0,,3.0,,
2008-11-02,3.0,,3.0,,
2008-11-09,9.0,,4.0,,
2008-11-16,9.0,,6.0,,
2008-11-23,5.0,,4.0,,1.0
2008-11-30,5.0,,7.0,,
2008-12-07,5.0,,1.0,,
2008-12-14,10.0,,3.0,,1.0
2008-12-21,5.0,,4.0,,
2008-12-28,,,2.0,,
2009-01-04,7.0,,3.0,,
2009-01-11,6.0,,5.0,,
2009-01-18,9.0,,7.0,,
2009-01-25,3.0,,5.0,,
2009-02-01,7.0,,3.0,,
2009-02-08,2.0,,6.0,,
2009-02-15,5.0,,4.0,,
2009-02-22,2.0,,6.0,,
2009-03-01,9.0,,8.0,,
2009-03-08,6.0,,5.0,,
2009-03-15,7.0,,4.0,,
2009-03-22,7.0,,3.0,,2.0
2009-03-29,5.0,,3.0,,
2009-04-05,6.0,,3.0,,
2009-04-12,6.0,,3.0,,
2009-04-19,4.0,,6.0,,
2009-04-26,6.0,,5.0,,
2009-05-03,7.0,,4.0,,
2009-05-10,12.0,,9.0,,
2009-05-17,11.0,,8.0,,
2009-05-24,4.0,,3.0,,
2009-05-31,7.0,,5.0,,
2009-06-07,6.0,,4.0,,
2009-06-14,5.0,,9.0,,
2009-06-21,6.0,,7.0,,
2009-06-28,8.0,,5.0,,
2009-07-05,1.0,,4.0,,
2009-07-12,5.0,,3.0,,
2009-07-19,6.0,,2.0,,
2009-07-26,9.0,,5.0,,
2009-08-02,3.0,,5.0,,
2009-08-09,4.0,,8.0,,
2009-08-16,4.0,,2.0,,
2009-08-23,5.0,,4.0,,
2009-08-30,3.0,,4.0,,
2009-09-06,7.0,,8.0,,
2009-09-13,3.0,,5.0,,
2009-09-20,5.0,,2.0,,
2009-09-27,5.0,,8.0,,
2009-10-04,,,2.0,,
2009-10-11,11.0,,3.0,,
2009-10-18,1.0,,1.0,,
2009-10-25,7.0,,5.0,,
2009-11-01,4.0,,2.0,,
2009-11-08,4.0,1.0,3.0,,
2009-11-15,10.0,,6.0,,
2009-11-22,6.0,,9.0,,
2009-11-29,4.0,,4.0,,
2009-12-06,5.0,,6.0,,
2009-12-13,3.0,,3.0,,
2009-12-20,4.0,,3.0,,
2009-12-27,,,6.0,,
2010-01-03,4.0,,7.0,,
2010-01-10,3.0,,5.0,,
2010-01-17,3.0,,7.0,,
2010-01-24,6.0,,9.0,,
2010-01-31,5.0,,4.0,,
2010-02-07,2.0,,4.0,,
2010-02-14,5.0,,4.0,,
2010-02-21,7.0,,2.0,,
2010-02-28,1.0,1.0,5.0,,
2010-03-07,4.0,,10.0,,
2010-03-14,7.0,,3.0,,
2010-03-21,4.0,,6.0,,
2010-03-28,3.0,,7.0,,
2010-04-04,4.0,,2.0,,
2010-04-11,4.0,,4.0,,
2010-04-18,10.0,,6.0,,
2010-04-25,7.0,,5.0,,
2010-05-02,5.0,,7.0,,
2010-05-09,8.0,,4.0,,1.0
2010-05-16,15.0,,3.0,,
2010-05-23,8.0,,4.0,,
2010-05-30,4.0,,6.0,,
2010-06-06,5.0,,4.0,,
2010-06-13,5.0,,6.0,,1.0
2010-06-20,5.0,,7.0,,1.0
2010-06-27,8.0,,4.0,,
2010-07-04,2.0,,,,
2010-07-11,4.0,,5.0,,
2010-07-18,5.0,,3.0,,
2010-07-25,1.0,,5.0,,
2010-08-01,6.0,,7.0,,
2010-08-08,2.0,,2.0,,
2010-08-15,5.0,,7.0,,
2010-08-22,4.0,,6.0,,
2010-08-29,5.0,,3.0,,
2010-09-05,7.0,,8.0,,
2010-09-12,7.0,,2.0,,
2010-09-19,6.0,,3.0,,
2010-09-26,7.0,,3.0,,
2010-10-03,1.0,,5.0,,
2010-10-10,7.0,,3.0,,
2010-10-17,9.0,,2.0,,
2010-10-24,5.0,,4.0,,
2010-10-31,7.0,,3.0,,1.0
2010-11-07,6.0,,9.0,,
2010-11-14,7.0,,3.0,,
2010-11-21,9.0,,7.0,,
2010-11-28,3.0,,4.0,,
2010-12-05,14.0,,2.0,,
2010-12-12,9.0,1.0,2.0,,
2010-12-19,6.0,,4.0,,
2010-12-26,4.0,,1.0,,
2011-01-02,4.0,,4.0,,
2011-01-09,5.0,,7.0,,
2011-01-16,4.0,,7.0,,
2011-01-23,1.0,,5.0,,
2011-01-30,4.0,,4.0,,
2011-02-06,5.0,,8.0,,1.0
2011-02-13,5.0,,9.0,,
2011-02-20,6.0,1.0,8.0,,1.0
2011-02-27,5.0,,2.0,,
2011-03-06,8.0,,7.0,,
2011-03-13,7.0,,4.0,,
2011-03-20,6.0,,4.0,,
2011-03-27,3.0,,12.0,,1.0
2011-04-03,5.0,,9.0,,
2011-04-10,3.0,,8.0,,
2011-04-17,1.0,,8.0,,
2011-04-24,3.0,,5.0,,
2011-05-01,6.0,1.0,4.0,,
2011-05-08,11.0,,7.0,,
2011-05-15,5.0,,3.0,,
2011-05-22,6.0,1.0,7.0,,
2011-05-29,5.0,,6.0,,
2011-06-05,8.0,,1.0,,
2011-06-12,6.0,,5.0,,
2011-06-19,8.0,,1.0,,
2011-06-26,5.0,,6.0,,
2011-07-03,5.0,,4.0,,1.0
2011-07-10,6.0,,4.0,,
2011-07-17,9.0,,2.0,,
2011-07-24,11.0,,4.0,,
2011-07-31,7.0,,5.0,,
2011-08-07,6.0,,6.0,,
2011-08-14,8.0,,4.0,,
2011-08-21,7.0,,2.0,,
2011-08-28,6.0,,3.0,,
2011-09-04,8.0,,4.0,,
2011-09-11,1.0,,3.0,,
2011-09-18,5.0,,3.0,,
2011-09-25,8.0,,5.0,,
2011-10-02,7.0,,4.0,,1.0
2011-10-09,7.0,,2.0,,
2011-10-16,5.0,,5.0,,
2011-10-23,6.0,1.0,6.0,,
2011-10-30,1.0,,3.0,,
2011-11-06,9.0,,10.0,,
2011-11-13,7.0,,4.0,,
2011-11-20,3.0,,6.0,,
2011-11-27,2.0,,2.0,,
2011-12-04,4.0,,1.0,,
2011-12-11,5.0,,3.0,,
2011-12-18,3.0,,4.0,,
2011-12-25,5.0,1.0,2.0,,
2012-01-01,3.0,,4.0,,
2012-01-08,10.0,,3.0,,
2012-01-15,8.0,,4.0,,
2012-01-22,5.0,,1.0,,
2012-01-29,6.0,,2.0,,
2012-02-05,10.0,,7.0,,
2012-02-12,6.0,,6.0,,
2012-02-19,2.0,,,,
2012-02-26,4.0,,2.0,,
2012-03-04,4.0,,4.0,,
2012-03-11,8.0,,2.0,,
2012-03-18,10.0,,2.0,,
2012-03-25,2.0,,4.0,,
2012-04-01,5.0,,5.0,,
2012-04-08,5.0,,4.0,,1.0
2012-04-15,6.0,,5.0,,
2012-04-22,5.0,,1.0,,
2012-04-29,7.0,,6.0,,
2012-05-06,7.0,,5.0,,
2012-05-13,5.0,,5.0,,
2012-05-20,8.0,,4.0,,
2012-05-27,1.0,,5.0,,
2012-06-03,6.0,,,,
2012-06-10,6.0,,2.0,,
2012-06-17,5.0,,2.0,,
2012-06-24,8.0,,4.0,,
2012-07-01,7.0,,3.0,,
2012-07-08,4.0,,4.0,,
2012-07-15,7.0,,5.0,,
2012-07-22,4.0,,3.0,,
2012-07-29,3.0,,3.0,,1.0
2012-08-05,1.0,,5.0,,
2012-08-12,5.0,,4.0,,
2012-08-19,4.0,,1.0,,
2012-08-26,9.0,,3.0,,
2012-09-02,4.0,,3.0,,
2012-09-09,3.0,,3.0,,
2012-09-16,10.0,,5.0,,
2012-09-23,1.0,,7.0,,
2012-09-30,1.0,,2.0,,
2012-10-07,9.0,,4.0,,
2012-10-14,5.0,,1.0,,
2012-10-21,6.0,,3.0,,
2012-10-28,5.0,,4.0,,
2012-11-04,3.0,,2.0,,
2012-11-11,3.0,,1.0,,
2012-11-18,5.0,,1.0,,
2012-11-25,5.0,,4.0,,
2012-12-02,4.0,,6.0,,
2012-12-09,7.0,,,,
2012-12-16,3.0,,4.0,,
2012-12-23,7.0,,4.0,,
2012-12-30,1.0,,3.0,,
2013-01-06,4.0,,4.0,,
2013-01-13,5.0,,5.0,,
2013-01-20,5.0,,3.0,,
2013-01-27,9.0,,4.0,,
2013-02-03,7.0,,1.0,,
2013-02-10,1.0,,3.0,,
2013-02-17,7.0,,2.0,,
2013-02-24,9.0,,2.0,,1.0
2013-03-03,4.0,,1.0,,
2013-03-10,3.0,,3.0,,
2013-03-17,9.0,,6.0,,
2013-03-24,3.0,,3.0,,
2013-03-31,4.0,,2.0,,
2013-04-07,6.0,,4.0,,1.0
2013-04-14,9.0,,5.0,,
2013-04-21,5.0,,3.0,,
2013-04-28,6.0,,5.0,,
2013-05-05,4.0,,1.0,,
2013-05-12,8.0,,4.0,,
2013-05-19,3.0,,4.0,,
2013-05-26,7.0,,,,
2013-06-02,6.0,,5.0,,
2013-06-09,9.0,,1.0,,
2013-06-16,1.0,,3.0,,
2013-06-23,4.0,,2.0,,1.0
2013-06-30,5.0,,2.0,,
2013-07-07,6.0,,3.0,,
2013-07-14,13.0,,6.0,,
2013-07-21,2.0,,4.0,,
2013-07-28,7.0,,1.0,,
2013-08-04,1.0,,2.0,,1.0
2013-08-11,5.0,,3.0,,
2013-08-18,4.0,,6.0,,
2013-08-25,5.0,,4.0,,
2013-09-01,1.0,1.0,2.0,,
2013-09-08,5.0,,3.0,,
2013-09-22,3.0,,2.0,,
2013-09-29,2.0,,1.0,,
2013-10-06,7.0,,4.0,,
2013-10-13,4.0,,4.0,,
2013-10-20,4.0,,3.0,,
2013-10-27,6.0,,3.0,,
2013-11-03,4.0,,,,
2013-11-10,2.0,,3.0,,
2013-11-17,5.0,,3.0,,
2013-11-24,,,1.0,,
2013-12-01,4.0,,1.0,,
2013-12-08,3.0,1.0,2.0,,
2013-12-15,7.0,,3.0,,
2013-12-22,10.0,,4.0,,
2013-12-29,7.0,,2.0,,
2014-01-05,3.0,,2.0,,
2014-01-12,6.0,,7.0,,
2014-01-19,3.0,,2.0,,
2014-01-26,5.0,,2.0,,
2014-02-02,7.0,,1.0,,
2014-02-09,1.0,,,,
2014-02-16,4.0,,4.0,,
2014-02-23,2.0,,4.0,,
2014-03-02,3.0,,3.0,,
2014-03-09,6.0,,1.0,,
2014-03-16,4.0,,3.0,,
2014-03-23,6.0,,2.0,,1.0
2014-03-30,7.0,,2.0,,
2014-04-06,8.0,,10.0,,
2014-04-13,7.0,1.0,8.0,,1.0
2014-04-20,4.0,,2.0,,
2014-04-27,3.0,,10.0,,
2014-05-04,4.0,,3.0,,
2014-05-11,5.0,,1.0,,
2014-05-18,6.0,,5.0,,
2014-05-25,5.0,,2.0,,
2014-06-01,6.0,,2.0,,
2014-06-08,8.0,,6.0,,
2014-06-15,8.0,,,,
2014-06-22,11.0,,3.0,,
2014-06-29,8.0,,2.0,,
2014-07-06,6.0,,6.0,,
2014-07-13,5.0,,3.0,,
2014-07-20,2.0,,5.0,,
2014-07-27,4.0,,4.0,,
2014-08-03,8.0,,4.0,,
2014-08-10,7.0,,6.0,,
2014-08-17,5.0,,2.0,,
2014-08-24,3.0,,2.0,,
2014-08-31,,,3.0,,
2014-09-07,4.0,,,,
2014-09-14,13.0,,3.0,,
2014-09-21,4.0,,2.0,,
2014-09-28,2.0,,2.0,,
2014-10-05,3.0,,1.0,,
2014-10-12,5.0,,1.0,,
2014-10-19,5.0,1.0,3.0,,
2014-10-26,5.0,,3.0,,
2014-11-02,5.0,,2.0,,
2014-11-09,2.0,,,,
2014-11-16,4.0,,3.0,,
2014-11-23,5.0,,5.0,,
2014-11-30,3.0,,,,
2014-12-07,8.0,,1.0,,
2014-12-14,6.0,,3.0,,
2014-12-21,5.0,,1.0,,
2014-12-28,1.0,,,,
2015-01-04,2.0,,,,
2015-01-11,4.0,,1.0,,
2015-01-18,3.0,,1.0,,
2015-01-25,6.0,,,,
2015-02-01,3.0,,2.0,,
2015-02-08,3.0,,1.0,,
2015-02-15,7.0,,11.0,,5.0
2015-02-22,11.0,,31.0,,3.0
2015-03-01,11.0,1.0,28.0,,2.0
2015-03-08,13.0,1.0,14.0,,3.0
2015-03-15,6.0,,7.0,,
2015-03-22,3.0,,6.0,,
2015-03-29,5.0,,5.0,,
2015-04-05,3.0,,2.0,,
2015-04-12,3.0,,2.0,,
2015-04-19,7.0,,2.0,,
2015-04-26,2.0,,,,
2015-05-03,6.0,,3.0,,
2015-05-10,5.0,,1.0,,
2015-05-17,7.0,,,,
2015-05-24,5.0,,,,
2015-05-31,12.0,,4.0,,
2015-06-07,8.0,,2.0,,
2015-06-14,3.0,,1.0,,
2015-06-21,1.0,,3.0,,
2015-06-28,4.0,,3.0,,
2015-07-05,5.0,,1.0,,
2015-07-12,3.0,,5.0,,
2015-07-19,6.0,,4.0,,
2015-07-26,5.0,,1.0,,
2015-08-02,5.0,,2.0,,1.0
2015-08-09,6.0,,2.0,,
2015-08-16,4.0,,1.0,,
2015-08-23,6.0,,2.0,,
2015-08-30,5.0,,,,
2015-09-06,5.0,,5.0,,
2015-09-13,1.0,,4.0,,
2015-09-20,5.0,,2.0,,
2015-09-27,5.0,,2.0,,
2015-10-04,2.0,,1.0,,
2015-10-11,3.0,,7.0,,
2015-10-18,5.0,,1.0,,
2015-10-25,,,3.0,,
2015-11-01,4.0,,1.0,,
2015-11-08,1.0,,2.0,,
2015-11-15,2.0,,3.0,,
2015-11-22,3.0,,1.0,,1.0
2015-11-29,4.0,,11.0,,
2015-12-06,14.0,,13.0,,1.0
2015-12-13,7.0,,22.0,,2.0
2015-12-20,11.0,,7.0,,
2015-12-27,5.0,,5.0,,
2016-01-03,5.0,,6.0,,
2016-01-10,11.0,,12.0,,1.0
2016-01-17,7.0,,8.0,,1.0
2016-01-24,8.0,,1.0,,1.0
2016-01-31,7.0,,2.0,,
2016-02-07,68.0,2.0,209.0,,21.0
2016-02-14,626.0,3.0,1380.0,,174.0
2016-02-21,681.0,26.0,1443.0,,152.0
2016-02-28,644.0,19.0,1455.0,,147.0
2016-03-06,1504.0,24.0,3433.0,,179.0
2016-03-13,1696.0,31.0,3937.0,,154.0
2016-03-20,1628.0,28.0,3422.0,,125.0
2016-03-27,1661.0,30.0,3617.0,,152.0
2016-04-03,1721.0,37.0,4011.0,,120.0
2016-04-10,1876.0,34.0,4182.0,,126.0
2016-04-17,2061.0,39.0,4350.0,,179.0
2016-04-24,1755.0,40.0,4137.0,,153.0
2016-05-01,1860.0,25.0,3898.0,,138.0
2016-05-08,1854.0,26.0,4209.0,,138.0
2016-05-15,2125.0,36.0,4634.0,,197.0
2016-05-22,1987.0,33.0,4386.0,,189.0
2016-05-29,1801.0,27.0,4116.0,,217.0
2016-06-05,1897.0,34.0,4017.0,,211.0
2016-06-12,1793.0,20.0,4144.0,,187.0
2016-06-19,1756.0,36.0,4005.0,,198.0
2016-06-26,1724.0,14.0,3992.0,,182.0
2016-07-03,1848.0,28.0,3898.0,,165.0
2016-07-10,1706.0,24.0,3579.0,,164.0
2016-07-17,1730.0,25.0,3527.0,,147.0
2016-07-24,1843.0,21.0,3538.0,,168.0
2016-07-31,1754.0,28.0,3513.0,,145.0
2016-08-07,1883.0,17.0,3870.0,,187.0
2016-08-14,1811.0,25.0,3879.0,,194.0
2016-08-21,1844.0,26.0,3935.0,,159.0
2016-08-28,1961.0,23.0,4198.0,,185.0
2016-09-04,1898.0,34.0,3816.0,,182.0
2016-09-11,1726.0,26.0,3732.0,,159.0
2016-09-18,1753.0,35.0,4084.0,,148.0
2016-09-25,1728.0,31.0,3646.0,,163.0
2016-10-02,1722.0,33.0,3678.0,,142.0
2016-10-09,1893.0,24.0,4160.0,,160.0
2016-10-16,1927.0,33.0,4193.0,,194.0
2016-10-23,1847.0,24.0,4271.0,,182.0
2016-10-30,1807.0,37.0,3932.0,,130.0
2016-11-06,1869.0,28.0,3912.0,,153.0
2016-11-13,1459.0,27.0,3245.0,,182.0
2016-11-20,1689.0,31.0,3986.0,,179.0
2016-11-27,1363.0,25.0,3303.0,,103.0
2016-12-04,1731.0,27.0,3625.0,,186.0
2016-12-11,1835.0,23.0,3976.0,,120.0
2016-12-18,1710.0,31.0,3452.0,,93.0
2016-12-25,1604.0,21.0,2886.0,,96.0
2017-01-01,1321.0,25.0,3118.0,,118.0
2017-01-08,1680.0,27.0,3512.0,,100.0
2017-01-15,1814.0,25.0,4017.0,,113.0
2017-01-22,1845.0,35.0,4233.0,,191.0
2017-01-29,1800.0,30.0,4083.0,,133.0
2017-02-05,1794.0,35.0,3845.0,,140.0
2017-02-12,1767.0,26.0,3744.0,,158.0
2017-02-19,1790.0,29.0,3969.0,,123.0
2017-02-26,1557.0,28.0,3624.0,,146.0
2017-03-05,1712.0,27.0,4104.0,,134.0
2017-03-12,1964.0,39.0,4366.0,,149.0
2017-03-19,1337.0,32.0,3082.0,,123.0
2017-03-26,1843.0,27.0,3902.0,,138.0
2017-04-02,1593.0,27.0,3680.0,,157.0
2017-04-09,1890.0,24.0,4015.0,,182.0
2017-04-16,1707.0,22.0,3893.0,,179.0
2017-04-23,1760.0,28.0,4010.0,,150.0
2017-04-30,1690.0,25.0,3716.0,,143.0
2017-05-07,1883.0,27.0,3914.0,,172.0
2017-05-14,1679.0,31.0,3732.0,,155.0
2017-05-21,1842.0,35.0,3737.0,,153.0
2017-05-28,1727.0,19.0,3437.0,,103.0
2017-06-04,1662.0,34.0,3507.0,,119.0
2017-06-11,1770.0,20.0,3585.0,,120.0
2017-06-18,1704.0,17.0,3551.0,,97.0
2017-06-25,1693.0,14.0,3584.0,,138.0
2017-07-02,1609.0,15.0,3520.0,,84.0
2017-07-09,1617.0,19.0,3268.0,,99.0
2017-07-16,1710.0,19.0,3357.0,,88.0
2017-07-23,1763.0,21.0,3667.0,,83.0
2017-07-30,1772.0,12.0,3655.0,,102.0
2017-08-06,1826.0,14.0,3642.0,,103.0
2017-08-13,1820.0,20.0,3740.0,,106.0
2017-08-20,1754.0,19.0,3371.0,,99.0
2017-08-27,1567.0,15.0,3346.0,,85.0
2017-09-03,1636.0,15.0,3364.0,,72.0
2017-09-10,1703.0,11.0,3381.0,,123.0
2017-09-17,1729.0,8.0,3591.0,,99.0
2017-09-24,1574.0,13.0,3328.0,,92.0
2017-10-01,1623.0,17.0,3438.0,,69.0
2017-10-08,1883.0,19.0,3750.0,,87.0
2017-10-15,1930.0,16.0,3755.0,,98.0
2017-10-22,1819.0,23.0,3737.0,,83.0
2017-10-29,1822.0,21.0,3637.0,,69.0
2017-11-05,1912.0,21.0,3390.0,,90.0
2017-11-12,1628.0,17.0,3607.0,,73.0
2017-11-19,1796.0,11.0,3787.0,,73.0
2017-11-26,1311.0,20.0,2994.0,,50.0
2017-12-03,1749.0,21.0,3552.0,,77.0
2017-12-10,1716.0,16.0,3480.0,,52.0
2017-12-17,1499.0,13.0,3245.0,,70.0
2017-12-24,1412.0,14.0,2918.0,,68.0
2017-12-31,1079.0,6.0,2346.0,,27.0
2018-01-07,1240.0,13.0,2582.0,,20.0
2018-01-14,1875.0,18.0,3659.0,,84.0
2018-01-21,1804.0,21.0,4030.0,,68.0
2018-01-28,1846.0,17.0,3889.0,,76.0
2018-02-04,1732.0,17.0,3566.0,,78.0
2018-02-11,1884.0,22.0,3462.0,,53.0
2018-02-18,1758.0,17.0,3584.0,,77.0
2018-02-25,1685.0,21.0,3561.0,,70.0
2018-03-04,1615.0,21.0,3340.0,,73.0
2018-03-11,1738.0,19.0,3292.0,,51.0
2018-03-18,1787.0,16.0,3385.0,,64.0
2018-03-25,1465.0,19.0,3153.0,,43.0
2018-04-01,1619.0,25.0,3192.0,,72.0
2018-04-08,1617.0,11.0,3178.0,,74.0
2018-04-15,1854.0,19.0,3335.0,,75.0
2018-04-22,1706.0,9.0,3136.0,,59.0
2018-04-29,1782.0,17.0,3177.0,,93.0
2018-05-06,1828.0,20.0,3319.0,,75.0
2018-05-13,1708.0,15.0,3211.0,,67.0
2018-05-20,1622.0,9.0,2982.0,,74.0
2018-05-27,1736.0,16.0,2945.0,,87.0
2018-06-03,1647.0,12.0,2746.0,,62.0
2018-06-10,1678.0,12.0,2895.0,,60.0
2018-06-17,1572.0,9.0,2816.0,,65.0
2018-06-24,1718.0,16.0,2922.0,,54.0
2018-07-01,1595.0,16.0,2541.0,,64.0
2018-07-08,1577.0,10.0,2804.0,,91.0
2018-07-15,1656.0,17.0,3064.0,,64.0
2018-07-22,1725.0,12.0,2999.0,,72.0
2018-07-29,1685.0,8.0,3089.0,,78.0
2018-08-05,1834.0,10.0,2909.0,,63.0
2018-08-12,1747.0,9.0,2982.0,,55.0
2018-08-19,1804.0,12.0,2905.0,,48.0
2018-08-26,1735.0,12.0,2835.0,,101.0
2018-09-02,1613.0,9.0,2881.0,,84.0
2018-09-09,1567.0,13.0,2661.0,,43.0
2018-09-16,1699.0,11.0,2681.0,,44.0
2018-09-23,1773.0,12.0,2840.0,,45.0
2018-09-30,1392.0,7.0,2254.0,,48.0
2018-10-07,1639.0,15.0,2582.0,,31.0
2018-10-14,1632.0,14.0,2865.0,,21.0
2018-10-21,1679.0,11.0,2675.0,,34.0
2018-10-28,1609.0,16.0,2634.0,,48.0
2018-11-04,1618.0,8.0,2625.0,,51.0
2018-11-11,1598.0,6.0,2572.0,,43.0
2018-11-18,1528.0,12.0,2485.0,,28.0
2018-11-25,1323.0,8.0,2294.0,,24.0
2018-12-02,1666.0,19.0,2704.0,,23.0
2018-12-09,1694.0,13.0,2861.0,,35.0
2018-12-16,1643.0,14.0,2615.0,,43.0
2018-12-23,1448.0,10.0,2399.0,,29.0
2018-12-30,1100.0,6.0,1956.0,,29.0
2019-01-06,1495.0,10.0,2581.0,,59.0
2019-01-13,1765.0,13.0,2798.0,,58.0
2019-01-20,1726.0,13.0,2769.0,,58.0
2019-01-27,1622.0,4.0,2804.0,,57.0
2019-02-03,1570.0,12.0,2527.0,,46.0
2019-02-10,1835.0,10.0,2875.0,,58.0
2019-02-17,1603.0,16.0,2715.0,,68.0
2019-02-24,1416.0,7.0,2609.0,,56.0
2019-03-03,1495.0,14.0,2715.0,,61.0
2019-03-10,1546.0,11.0,2771.0,,53.0
2019-03-17,1862.0,11.0,2691.0,,72.0
2019-03-24,1658.0,14.0,2701.0,,51.0
2019-03-31,1629.0,14.0,2706.0,,60.0
2019-04-07,1808.0,17.0,2778.0,,60.0
2019-04-14,1755.0,14.0,2777.0,,47.0
2019-04-21,1667.0,6.0,2620.0,,112.0
2019-04-28,1569.0,8.0,2551.0,,61.0
2019-05-05,1770.0,8.0,2668.0,,40.0
2019-05-12,1700.0,8.0,2706.0,,46.0
2019-05-19,1654.0,7.0,2466.0,,73.0
2019-05-26,1666.0,5.0,2665.0,,52.0
2019-06-02,1584.0,7.0,2489.0,,54.0
2019-06-09,1711.0,7.0,2631.0,,59.0
2019-06-16,1664.0,9.0,2467.0,,38.0
2019-06-23,1538.0,8.0,2510.0,,107.0
2019-06-30,1354.0,5.0,2181.0,,41.0
2019-07-07,1755.0,11.0,2559.0,,55.0
2019-07-14,1774.0,13.0,2653.0,,53.0
2019-07-21,1716.0,6.0,2520.0,,89.0
2019-07-28,1735.0,7.0,2609.0,,68.0
2019-08-04,1680.0,8.0,2482.0,,45.0
2019-08-11,1727.0,9.0,2530.0,,136.0
2019-08-18,1880.0,9.0,2536.0,,40.0
2019-08-25,1416.0,6.0,2030.0,,32.0
2019-09-01,1435.0,5.0,2154.0,,48.0
2019-09-08,1633.0,7.0,2188.0,,32.0
2019-09-15,1697.0,11.0,2266.0,,106.0
2019-09-22,1652.0,3.0,2426.0,,28.0
2019-09-29,1362.0,7.0,2167.0,,64.0
2019-10-06,1511.0,8.0,2112.0,,37.0
2019-10-13,1708.0,5.0,2406.0,,144.0
2019-10-20,1514.0,8.0,2180.0,,22.0
2019-10-27,1615.0,6.0,2304.0,,39.0
2019-11-03,1482.0,7.0,1995.0,,35.0
2019-11-10,1530.0,5.0,2179.0,,22.0
2019-11-17,1502.0,4.0,2101.0,,28.0
2019-11-24,1733.0,2.0,2193.0,,24.0
2019-12-01,1211.0,9.0,1806.0,,23.0
2019-12-08,1559.0,5.0,2102.0,,35.0
2019-12-15,1398.0,8.0,2019.0,,34.0
2019-12-22,1323.0,4.0,1733.0,,18.0
2019-12-29,893.0,4.0,1425.0,,16.0
2020-01-05,1212.0,,1666.0,,30.0
2020-01-12,1531.0,4.0,1999.0,,33.0
2020-01-19,1572.0,4.0,2050.0,,36.0
2020-01-26,1509.0,9.0,2066.0,,46.0
2020-02-02,1580.0,3.0,2062.0,,20.0
2020-02-09,1594.0,10.0,2250.0,,17.0
2020-02-16,1559.0,8.0,2026.0,,22.0
2020-02-23,1511.0,6.0,2215.0,,27.0
2020-03-01,1533.0,2.0,2095.0,,29.0
2020-03-08,1787.0,2.0,2239.0,,24.0
2020-03-15,1704.0,6.0,2274.0,,26.0
2020-03-22,1178.0,4.0,1285.0,,9.0
2020-03-29,815.0,1.0,880.0,,3.0
2020-04-05,653.0,,831.0,,4.0
2020-04-12,781.0,,830.0,,7.0
2020-04-19,877.0,,917.0,,4.0
2020-04-26,1051.0,2.0,1177.0,,8.0
2020-05-03,1306.0,4.0,1330.0,,19.0
2020-05-10,1281.0,1.0,1408.0,,8.0
2020-05-17,1522.0,3.0,1686.0,,8.0
2020-05-24,1521.0,4.0,1672.0,,18.0
2020-05-31,1468.0,6.0,1757.0,,9.0
2020-06-07,1364.0,1.0,1257.0,,20.0
2020-06-14,793.0,,841.0,,8.0
2020-06-21,778.0,,779.0,,3.0
2020-06-28,829.0,4.0,837.0,,1.0
2020-07-05,771.0,5.0,797.0,,1.0
2020-07-12,700.0,1.0,758.0,,
2020-07-19,820.0,2.0,807.0,,1.0
2020-07-26,968.0,3.0,861.0,,4.0
2020-08-02,915.0,,925.0,,1.0
2020-08-09,1088.0,1.0,1078.0,,3.0
2020-08-16,1171.0,2.0,1097.0,,2.0
2020-08-23,1202.0,7.0,1105.0,,5.0
2020-08-30,1139.0,2.0,1032.0,,6.0
2020-09-06,1420.0,8.0,1257.0,,
2020-09-13,1277.0,2.0,1294.0,,6.0
2020-09-20,1287.0,4.0,1230.0,,3.0
2020-09-27,1291.0,,1268.0,,8.0
2020-10-04,1350.0,3.0,1363.0,,5.0
2020-10-11,1478.0,3.0,1534.0,,6.0
2020-10-18,1409.0,4.0,1459.0,,3.0
2020-10-25,1468.0,5.0,1489.0,,2.0
2020-11-01,1347.0,5.0,1312.0,,10.0
2020-11-08,1130.0,9.0,1328.0,,5.0
2020-11-15,1229.0,6.0,1499.0,,5.0
2020-11-22,1413.0,2.0,1602.0,,9.0
2020-11-29,1183.0,3.0,1304.0,,1.0
2020-12-06,1524.0,8.0,1600.0,,5.0
2020-12-13,1577.0,6.0,1677.0,,5.0
2020-12-20,1184.0,2.0,1297.0,,5.0
2020-12-27,1019.0,4.0,1177.0,,4.0
2021-01-03,1344.0,3.0,1372.0,,13.0
2021-01-10,1591.0,2.0,1632.0,,3.0
2021-01-17,1419.0,6.0,1670.0,,8.0
2021-01-24,1550.0,3.0,1674.0,,3.0
2021-01-31,1193.0,5.0,1510.0,,8.0
2021-02-07,1243.0,2.0,1415.0,,5.0
2021-02-14,1373.0,3.0,1587.0,,7.0
2021-02-21,1254.0,2.0,1526.0,,8.0
2021-02-28,1410.0,3.0,1683.0,,7.0
2021-03-07,1504.0,4.0,1913.0,,5.0
2021-03-14,1586.0,3.0,1817.0,,9.0
2021-03-21,1406.0,5.0,1693.0,,4.0
2021-03-28,1224.0,5.0,1601.0,,8.0
2021-04-04,1076.0,4.0,1298.0,,8.0
2021-04-11,1187.0,3.0,1487.0,,9.0
2021-04-18,1090.0,2.0,1303.0,,2.0
2021-04-25,955.0,6.0,1221.0,,5.0
2021-05-02,1018.0,2.0,1175.0,,4.0
2021-05-09,1224.0,2.0,1344.0,,8.0
2021-05-16,1347.0,5.0,1493.0,,9.0
2021-05-23,1362.0,3.0,1547.0,,10.0
2021-05-30,1125.0,1.0,1412.0,,5.0
2021-06-06,1368.0,3.0,1626.0,,6.0
2021-06-13,1406.0,3.0,1660.0,,7.0
2021-06-20,1456.0,1.0,1567.0,,5.0
2021-06-27,1223.0,5.0,1490.0,,6.0
2021-07-04,1255.0,5.0,1480.0,,2.0
2021-07-11,1366.0,5.0,1524.0,,11.0
2021-07-18,1487.0,2.0,1679.0,,5.0
2021-07-25,1478.0,6.0,1761.0,,10.0
2021-08-01,1295.0,7.0,1575.0,,9.0
2021-08-08,1476.0,5.0,1641.0,,7.0
2021-08-15,1528.0,3.0,1762.0,,7.0
2021-08-22,1456.0,4.0,1586.0,,13.0
2021-08-29,1390.0,4.0,1590.0,,6.0
2021-09-05,1307.0,12.0,1520.0,,7.0
2021-09-12,1326.0,4.0,1617.0,,8.0
2021-09-19,1465.0,10.0,1799.0,,14.0
2021-09-26,1547.0,12.0,1656.0,,7.0
2021-10-03,1591.0,7.0,1693.0,,7.0
2021-10-10,1571.0,6.0,1851.0,,10.0
2021-10-17,1664.0,3.0,1814.0,,19.0
2021-10-24,1522.0,6.0,1879.0,,3.0
2021-10-31,1321.0,3.0,1458.0,,11.0
2021-11-07,1529.0,4.0,1703.0,,7.0
2021-11-14,1516.0,3.0,1755.0,,7.0
2021-11-21,1508.0,6.0,1665.0,,5.0
2021-11-28,1000.0,5.0,1416.0,,5.0
2021-12-05,1469.0,7.0,1749.0,,7.0
2021-12-12,1439.0,4.0,1725.0,,12.0
2021-12-19,1459.0,7.0,1589.0,,12.0
2021-12-26,989.0,3.0,1242.0,,4.0
2022-01-02,872.0,3.0,1040.0,2.0,8.0
2022-01-09,1373.0,2.0,1477.0,6.0,7.0
2022-01-16,1535.0,5.0,1707.0,8.0,10.0
2022-01-23,1605.0,8.0,1769.0,12.0,8.0
2022-01-30,1166.0,6.0,1401.0,11.0,6.0
2022-02-06,1329.0,4.0,1785.0,15.0,6.0
2022-02-13,1730.0,10.0,1970.0,7.0,12.0
2022-02-20,1659.0,9.0,2012.0,12.0,10.0
2022-02-27,1524.0,9.0,1704.0,9.0,13.0
2022-03-06,1747.0,5.0,2052.0,5.0,21.0
2022-03-13,1607.0,7.0,2025.0,8.0,12.0
2022-03-20,1588.0,4.0,2078.0,9.0,14.0
2022-03-27,1674.0,6.0,2040.0,7.0,14.0
2022-04-03,1611.0,4.0,2041.0,11.0,16.0
2022-04-10,1795.0,6.0,2198.0,14.0,20.0
2022-04-17,1659.0,4.0,1989.0,3.0,10.0
2022-04-24,1556.0,4.0,2009.0,6.0,10.0
2022-05-01,1623.0,8.0,2013.0,10.0,15.0
2022-05-08,1711.0,5.0,2059.0,13.0,26.0
2022-05-15,1837.0,11.0,1985.0,7.0,13.0
2022-05-22,1702.0,2.0,1974.0,13.0,19.0
2022-05-29,1639.0,8.0,2025.0,6.0,15.0
2022-06-05,1653.0,4.0,2063.0,6.0,17.0
2022-06-12,1767.0,6.0,2069.0,8.0,16.0
2022-06-19,1694.0,2.0,2019.0,7.0,12.0
2022-06-26,1602.0,4.0,1929.0,1.0,14.0
2022-07-03,1640.0,4.0,2030.0,3.0,11.0
2022-07-10,1691.0,4.0,1963.0,10.0,12.0
2022-07-17,1621.0,2.0,1990.0,14.0,19.0
2022-07-24,1593.0,1.0,1859.0,9.0,16.0
2022-07-31,1550.0,4.0,1788.0,3.0,11.0
2022-08-07,1505.0,5.0,1638.0,8.0,8.0
2022-08-14,1655.0,5.0,1929.0,6.0,12.0
2022-08-21,1636.0,4.0,1859.0,8.0,14.0
2022-08-28,1571.0,5.0,2019.0,12.0,21.0
2022-09-04,1747.0,1.0,1979.0,9.0,13.0
2022-09-11,1687.0,3.0,1807.0,4.0,13.0
2022-09-18,1700.0,4.0,1936.0,8.0,24.0
2022-09-25,1568.0,3.0,1826.0,9.0,14.0
2022-10-02,1841.0,4.0,1957.0,9.0,16.0
2022-10-09,1831.0,3.0,2005.0,8.0,17.0
2022-10-16,1722.0,2.0,2139.0,9.0,11.0
2022-10-23,1878.0,5.0,2054.0,13.0,14.0
2022-10-30,1822.0,5.0,2230.0,15.0,25.0
2022-11-06,1846.0,1.0,2201.0,4.0,27.0
2022-11-13,1774.0,10.0,2183.0,6.0,15.0
2022-11-20,1685.0,1.0,2200.0,13.0,28.0
2022-11-27,1343.0,1.0,1841.0,7.0,17.0
2022-12-04,1690.0,4.0,2151.0,10.0,26.0
2022-12-11,1681.0,5.0,2085.0,10.0,22.0
2022-12-18,1542.0,6.0,1919.0,13.0,24.0
2022-12-25,1337.0,2.0,1487.0,13.0,13.0
2023-01-01,1451.0,3.0,1886.0,7.0,17.0
2023-01-08,1891.0,5.0,2343.0,9.0,28.0
2023-01-15,1964.0,5.0,2410.0,15.0,29.0
2023-01-22,1884.0,4.0,2467.0,8.0,25.0
2023-01-29,1790.0,2.0,2216.0,17.0,23.0
2023-02-05,1764.0,6.0,2502.0,12.0,27.0
2023-02-12,1840.0,5.0,2475.0,14.0,19.0
2023-02-19,1839.0,8.0,2335.0,18.0,32.0
2023-02-26,1585.0,6.0,2258.0,12.0,22.0
2023-03-05,1748.0,9.0,2378.0,11.0,19.0
2023-03-12,1839.0,5.0,2501.0,13.0,28.0
2023-03-19,1806.0,4.0,2294.0,16.0,29.0
2023-03-26,1724.0,1.0,2116.0,14.0,16.0
2023-04-02,1421.0,7.0,1794.0,7.0,11.0
